x,y
1.0,-0.0
0.9989963951331635,0.00032186799840977975
0.9979744052621043,0.0006493268750255871
0.9969336798095358,0.0009822974291518074
0.9958738472729972,0.0013206447459251224
0.9947946772142006,0.0016646866463725285
0.9936958519763956,0.00201447957418399
0.992576987150545,0.0023698802783500388
0.991437805484126,0.0027310928972919648
0.9902779990078885,0.00309823640576499
0.9890972387041028,0.0034713739960032927
0.9878951488192171,0.0038504307283979645
0.986671434660926,0.004235598511266309
0.9854257595510141,0.004626946606249
0.9841577756494847,0.005024518710785639
0.9828671413894013,0.005428388033488344
0.9815535161725636,0.005838640242032974
0.9802165117085457,0.006255217154083676
0.9788558168254071,0.0066783168082637555
0.9774710680162022,0.007107978221272588
0.9760618956078448,0.00754422869522183
0.9746279551856062,0.007987185231618996
0.9731688765219816,0.008436888873978792
0.97168427766008,0.008893350080040833
0.970173806449164,0.009356682925565754
0.9686370901654417,0.009826941230852919
0.9670737501628219,0.010304165675175912
0.9654834148606454,0.01078842564629435
0.9638657029469233,0.011279763960350098
0.9622202409970677,0.011778254113505447
0.9605466457241638,0.012283941386041193
0.958844534520306,0.012796877028364465
0.9571135377362348,0.01331715857122139
0.955353259377938,0.013844798530177435
0.9535632490115112,0.014379628866341065
0.9517431954571406,0.014921948271598436
0.9498926958256936,0.015471749612118725
0.9480113751645292,0.01602911988964996
0.9460988392094896,0.016594079802358327
0.9441546310828615,0.01716643581826883
0.9421784383948105,0.01774648175397649
0.9401698641966761,0.018334222271657458
0.9381284839867279,0.018929562509288636
0.9360539122946085,0.019532535996151422
0.9339458349360685,0.020143416168658803
0.9318037490806343,0.020761818631869544
0.9296273561751388,0.021388056981753414
0.9274162565907555,0.02202208599349142
0.9251700045788858,0.022663688660012095
0.9228883359368764,0.023313271707017993
0.9205707653820124,0.02397045418483493
0.918217025133261,0.024635607287359803
0.9158266091806098,0.025308244938020565
0.9133992845154373,0.02598883286233466
0.9109346080173932,0.026677072903648954
0.9084322323676178,0.02737298852597402
0.9058918713048277,0.028076804272708623
0.9033130602614118,0.028788079419158726
0.9006955096926945,0.029506981353376902
0.8980389259640575,0.03023364149324661
0.8953428975012028,0.030967733364130952
0.8926071270906552,0.03170931983387954
0.8898313061464567,0.03245839439361941
0.8870151191055157,0.033214893846863026
0.8841582838616485,0.033978846989056746
0.881260426030791,0.03474990194854202
0.8783213054357281,0.03552817277916444
0.8753406667626211,0.03631368038829643
0.8723181945585544,0.03710617777390596
0.8692536459406446,0.0379056512221273
0.8661467649113784,0.03871199308805932
0.8629973022946912,0.039525076090203365
0.8598050412304457,0.04034484959237411
0.8565697652619517,0.04117121555632797
0.8532912400308134,0.04200395261334895
0.8499693185453916,0.04284312958518706
0.8466037403621967,0.04368830919331714
0.843194385557971,0.04453955310274924
0.8397411142157335,0.04539678480197752
0.8362437640347666,0.04625977486410595
0.8327022099346747,0.0471283782908033
0.8291163073403869,0.04800230225018865
0.8254860190991156,0.04888162416455329
0.8218112379792928,0.04976606336074137
0.8180918526019774,0.05065524415624514
0.8143278957974125,0.05154931666088614
0.8105192796353282,0.0524478464097779
0.8066660305075172,0.05335079995268931
0.8027681125581262,0.05425779484390446
0.7988255838039338,0.05516876547826395
0.7948384550616495,0.056083353216687566
0.7908068247931127,0.05700149087176566
0.7867307227141453,0.05792271555616905
0.7826103213288762,0.058847100399722616
0.7784456867943588,0.05977414964631173
0.7742369654429512,0.060703622429974534
0.7699843723696271,0.06163549002654548
0.7656880382067175,0.06256923577282623
0.7613481642154313,0.06350455508119263
0.7569650309047518,0.06444140508517082
0.7525388621621683,0.06537936913093438
0.7480699444329745,0.06631821174574111
0.7435585711284416,0.06725761590148764
0.73900503028262,0.0681971189434292
0.7344097039583473,0.06913659485044116
0.7297729565954644,0.07007571341920668
0.725095161187468,0.07101406349118194
0.7203767550267292,0.07195143005311416
0.7156181787099857,0.07288749044264949
0.7108198740908823,0.07382180123623279
0.7059823569490323,0.07475416895427836
0.7011061141723622,0.0756841220200305
0.6961916975034048,0.07661139648358516
0.6912396357459629,0.07753547405179585
0.6862505255469837,0.0784560642045284
0.6812250120714571,0.07937300959207615
0.6761637054952848,0.08028583112345437
0.6710672672832598,0.0811941954865151
0.6659363391642644,0.08209752173794169
0.6607716576983945,0.08299562833423876
0.6555739568811061,0.08388818857776625
0.6503439823717931,0.08477481121593751
0.6450824622036464,0.08565485852595324
0.6397902403141159,0.08652824845137087
0.6344681408928533,0.08739465572018723
0.6291169375052476,0.0882533031373694
0.6237375502919948,0.08910418856061934
0.6183308440479738,0.08994684004794938
0.612897705200973,0.09078078805037601
0.6074390730093016,0.09160577821163668
0.6019558532775131,0.09242120746898227
0.5964490523593621,0.09322702306971554
0.5909195947260131,0.09402249276923519
0.5853685352283864,0.09480766672582837
0.5797968137773798,0.09558166975564802
0.5742055279533289,0.09634463846025389
0.5685956524992726,0.09709570586915763
0.5629683160763386,0.09783503854443969
0.557324514755343,0.09856169726604307
0.5516654138204888,0.09927594644070277
0.5459920341064459,0.09997682307683052
0.540305545610599,0.10066446201102562
0.5346070472306101,0.10133834479923497
0.5288976558222974,0.10199800898634839
0.523178553130683,0.10264348410655358
0.5174508319029643,0.10327394384804635
0.5117157046856098,0.10388957580527818
0.5059742843603657,0.10448959689905594
0.500227781420795,0.10507409103998908
0.49447735476974136,0.10564261714705293
0.48872417592834716,0.10619481089599736
0.48296944879277165,0.10673062884526732
0.47721432359845317,0.10724943653635331
0.47146001314122493,0.1077512711222635
0.46570769462828343,0.10823579219827129
0.45995854886754123,0.1087027019916084
0.45421377614846525,0.10915197980020981
0.4484745299342309,0.10958304918828074
0.44274201240004174,0.10999601704599431
0.4370173845962732,0.11039051714618432
0.4313018124270032,0.11076631493333017
0.42559647456188016,0.11112349120092714
0.4199025056775781,0.11146154718741678
0.41422107474930775,0.11178069841793535
0.40855329216519004,0.11208028957645466
0.40290031763397666,0.1123607711055217
0.3972630825003164,0.11261790340004163
0.39164250639560416,0.11284646096062001
0.3860397861454995,0.11304705741835339
0.38045610414216274,0.11322061579590197
0.37489256498594065,0.11336614810372585
0.3693503166787488,0.11348471588032631
0.36383044636363343,0.11357557653851154
0.3583340523088352,0.1136393621818553
0.35286220189879774,0.11367591026029514
0.34741594896092004,0.11368529350130235
0.3419963267628635,0.11366805789801047
0.336604353004888,0.11362367685481377
0.33124101840133807,0.11355289322117477
0.32590729375809463,0.11345590482684942
0.3206041422276269,0.11333234780387477
0.3153324880125611,0.11318280109639944
0.3100932283969291,0.11300778190057906
0.30488725516631254,0.1128072465590749
0.2997154438043377,0.11258113909156132
0.2945786149471023,0.11233014126008291
0.28947757888281556,0.11205455502655519
0.284413122338356,0.1117546722898977
0.2793860109571156,0.11143073667420139
0.2743969958442716,0.11108287318607321
0.26944678015505724,0.11071156204783257
0.26453605273377595,0.11031711692873379
0.25966547024599684,0.10989993816660504
0.2548356634055689,0.10946042950086798
0.25004723910769205,0.1089989639424226
0.24530078368479175,0.10851587344663478
0.2405968439441298,0.10801162224374924
0.23593596116758947,0.10748649085697495
0.23131864037157135,0.10694086718395493
0.22674538412320452,0.1063749615341362
0.22221660705374166,0.10578949154536228
0.21773274013201266,0.10518482172798434
0.21329415750132907,0.10456154741781272
0.20890124322502523,0.10391999824201889
0.20455443277098698,0.1032600283552146
0.20025396430939013,0.10258265038886753
0.19600011149760516,0.10188843240411996
0.19179323049230368,0.10117730226680942
0.1876335687061866,0.100449734189681
0.1835212165719849,0.09970691916768032
0.17945660557763396,0.09894803139994106
0.17543971588029503,0.09817459059049283
0.1714708228835255,0.09738640301072403
0.16754997676785915,0.09658433140103113
0.16367740545992107,0.0957682445894493
0.15985304932409553,0.09493929074029558
0.15607719989858249,0.0940968834164539
0.15234964402949716,0.0932426299421026
0.14867063237184275,0.09237598435130004
0.14504011354969207,0.09149764263903919
0.14145797744754995,0.09060843312568999
0.13792433374128762,0.0897082142633496
0.1344391879153585,0.08879721335442715
0.13100234751361245,0.08787634130567044
0.1276137345708375,0.08694598163692661
0.12427330159981645,0.0860063493481558
0.1209809768073625,0.08505769709211605
0.11773673485960374,0.0841000774532071
0.1145403086220668,0.08313431024281573
0.11139158298994419,0.08216063684962983
0.10829038805782325,0.08117943411197283
0.10523657409933865,0.0801909674640883
0.10222993569672122,0.0791956324084446
0.09927028908555743,0.07819371690052536
0.09635742885216175,0.07718553409938829
0.0934911387933196,0.07617139218505672
0.09067140995184979,0.07515099819301652
0.08789785825527108,0.07412508407795113
0.08517020338887367,0.07309404363433676
0.08248814130770409,0.07205829318656899
0.07985141074497977,0.07101810216267501
0.07726009214303739,0.06997287853086272
0.07471378873908953,0.06892323201774392
0.07221196933410227,0.06787003170246296
0.06975451995580545,0.06681311011547976
0.06734164345602936,0.06575161720840184
0.06497223328141886,0.06468765306576875
0.06264676666325805,0.0636197267726122
0.06036462681129487,0.0625488028032989
0.05812537822265624,0.061475373862748955
0.05592941977763182,0.06039823556800695
0.0537755618203898,0.05931940779010499
0.051664634069195324,0.05823686820016054
0.04959532990620247,0.05715278861457185
0.04756820643462462,0.056065748738774
0.04558273101042243,0.05497639669037574
0.04363806373258081,0.05388590857199315
0.04173568517724243,0.052791347240261514
0.03987353158644202,0.051696020968763357
0.03805198293059874,0.05059895333856462
0.036272000166240076,0.049498314863872656
0.03453186186342178,0.04839666707726376
0.03283143170311016,0.047293939897104564
0.03117208841059409,0.04618782826287711
0.02955295708620074,0.045079515485239495
0.027973365638809426,0.043969823562003296
0.02643329581104859,0.042858612189751795
0.024932697593837008,0.04174581740455574
0.023472608069704345,0.040629995678483154
0.022052907115331002,0.03951133141554764
0.020672864680992033,0.03839077387164799
0.019332559689185735,0.03726824300150702
0.018032198792757886,0.036143552260906535
0.016771987936056013,0.0350165699229139
0.015552110066643685,0.03388724522833815
0.014372834189576479,0.032755489635335394
0.013234479972713849,0.03162122363728922
0.012137359786816598,0.03048443996528183
0.011081797022626919,0.029345185006759228
0.010068207601337026,0.028203487192975076
0.009097027384494749,0.02705942685896674
0.008168623873934893,0.02591321046103072
0.007283348311253559,0.02476511606729887
0.006441559189278752,0.023615463559898384
0.00564446769971334,0.022464045979947174
0.004897198820202406,0.021308426259138067
0.004195964013790521,0.020152240599070725
0.003540963286669168,0.018996287203325232
0.0029321835543063834,0.017841476899316498
0.0023693576335545013,0.01668879405410661
0.0018591253880374668,0.015536245940858017
0.0014041600522400476,0.014384705815985454
0.0009961582811445035,0.013239028531989935
0.0006337496862507196,0.012100539421598385
0.00032427626198802884,0.010968110899031392
7.587553567914236e-05,0.009842266474066984
-0.0001279084180665632,0.008728608457936719
-0.00029028174922503253,0.007628015842027654
-0.0003821488522634263,0.006539191111908864
-0.0004365014994170452,0.005467944659520437
-0.0004579489331558223,0.00441420762177145
-0.00041208494734463075,0.003388744199506923
-0.00033518652628130506,0.002346946970028598
-0.00021692870056592682,0.0012893207762095166
-2.9646076675894807e-05,0.00022230461682397448
0.00019978833829947964,-0.0008560752465224181
0.0004768498980447473,-0.001944469782109669
0.0008314559303827657,-0.0030314017942436582
0.0012348852614139612,-0.004122536298687801
0.0016902438202098084,-0.005215949559108414
0.0022098765728204755,-0.006304308746838145
0.0027971809496152794,-0.007381966419025884
0.0034409735883782874,-0.008452129336901655
0.004143122122866924,-0.00951186457060341
0.004904611347569734,-0.010558288339149523
0.005734453919439878,-0.011581092758216957
0.006620289550346435,-0.01258662784836154
0.007560212312002816,-0.01357446389569512
0.00855362687119469,-0.014543106192433741
0.009599607364058446,-0.015491386042402489
0.010696900194867309,-0.016418565100388725
0.01184417690723829,-0.017324158276840015
0.013040312588520847,-0.018207608732406025
0.014285281759446374,-0.019066872425760717
0.015575590080334293,-0.019905184427023253
0.016910243239923003,-0.020722683255088196
0.018288339160690028,-0.021519547236105285
0.01970900872659413,-0.022296092274130215
0.021171406720299903,-0.02305279757727631
0.022674856067610775,-0.02379002131413476
0.024218716611769983,-0.024508234691726923
0.025803174595544816,-0.02520619287687529
0.02742710251061336,-0.025885702893235475
0.029089975833692223,-0.026547501439440548
0.030791445101857714,-0.027192081239666144
0.0325312001565044,-0.02781998583096961
0.034309023124021315,-0.02843165024398795
0.03612471279968378,-0.029027597348151166
0.03797884591297358,-0.029605956063307074
0.039870994909308226,-0.03016802487054025
0.041800660853970835,-0.03071563209872219
0.0437678727114819,-0.031249016609576286
0.0457731807161815,-0.031766437748560215
0.04781645075545356,-0.032268731891206506
0.049897306576220955,-0.03275794535198597
0.05201624281441554,-0.03323257990292112
0.05417343287301419,-0.03369246587429717
0.05636850661541478,-0.03414009937612833
0.05860223427808723,-0.0345725038433781
0.06087424992984592,-0.03499244681131435
0.0631849314784301,-0.035398890326566776
0.06553442533773556,-0.035792089487598655
0.06792285426891842,-0.03617243810436686
0.07035045322327732,-0.0365397428970906
0.0728173748299545,-0.03689427857682145
0.07532376683552841,-0.03723649531926836
0.07786997233116454,-0.037565326809801326
0.08045595301035374,-0.03788268873250558
0.08308215373987274,-0.03818664792474063
0.08574860593481705,-0.03847863049308607
0.08845550630973137,-0.038758788581315776
0.09120315812651238,-0.03902613402969637
0.09399169216246138,-0.039281295890032916
0.09682126809481635,-0.03952470175881158
0.09969208683524705,-0.039756303945569435
0.10260436578825215,-0.03997573103566505
0.10555829166677173,-0.04018285826975299
0.10855399770236136,-0.04037827369190599
0.11159165421137217,-0.0405620128498509
0.11467143032526117,-0.040733984337901166
0.11779347819171875,-0.04089426305167606
0.12095794580834648,-0.041042835811878654
0.12416496521831988,-0.04117985081251512
0.12741466811131202,-0.04130526876147404
0.1307071717691679,-0.041419155676241
0.1340425821511903,-0.0415216331810512
0.1374209959885518,-0.041612800631365
0.14084250167722892,-0.04169265796217645
0.1443071739249147,-0.04176129234617336
0.147815076669496,-0.04181869890330675
0.15136626243231413,-0.0418647104247743
0.15496076177251042,-0.04189987099190785
0.15859859965081166,-0.041924266296009025
0.16227978765435658,-0.04193770574278503
0.1660043201778688,-0.041940149565554925
0.16977217678188994,-0.041932166626220756
0.17358332264205548,-0.041913604255868604
0.17743770498441222,-0.041884390019194855
0.1813352615787521,-0.04184521954559655
0.18527589998497448,-0.04179539808047577
0.18925952840367333,-0.04173579505803181
0.19328601951891014,-0.04166595572331046
0.19735524854199457,-0.041586654727518296
0.20146704807152238,-0.0414973714087806
0.20562125750628713,-0.04139882857218248
0.20981767626173395,-0.04129079858804921
0.21405609814976775,-0.04117364476353588
0.21833629788306178,-0.041047693561197335
0.22265801163510138,-0.04091267369641373
0.22702098011577082,-0.040769135334850895
0.2314249159547282,-0.04061734941185755
0.23586950111032393,-0.040457312945856784
0.2403544032209847,-0.04028922947929474
0.24487927462295003,-0.04011345640066647
0.2494437446035181,-0.03993029685499939
0.25404741295640737,-0.03973985886955729
0.25868986403730043,-0.039542412905108675
0.2633706591932579,-0.03933820471385839
0.26808934292831177,-0.03912759548373011
0.27284543022086755,-0.03891077875111717
0.2776384148697714,-0.03868797620143826
0.2824677793830868,-0.038459642697408786
0.28733297025154314,-0.038225938320041244
0.29223342284798204,-0.03798725755675103
0.29716854054039243,-0.037743792348603845
0.302137714995181,-0.037495948010431955
0.3071403108960968,-0.03724402727579234
0.3121756730418255,-0.03698837360093439
0.3172431226022951,-0.03672929278835202
0.32234195861508685,-0.03646707989594866
0.32747146409624417,-0.03620213378787918
0.33263089589970884,-0.03593475460196219
0.3378194925275457,-0.03566529037116838
0.3430364712435984,-0.03539407521611498
0.34828103651525666,-0.03512158545358891
0.3535523564344284,-0.034847978825931
0.35884959568124897,-0.03457372137751641
0.36417189339059064,-0.03429915340100842
0.3695183685889972,-0.03402458470560836
0.3748881279036899,-0.03375043553420288
0.38028025052375725,-0.03347693259389164
0.3856938162326163,-0.03320464989594205
0.3911278636928371,-0.03293367296280678
0.3965814388563507,-0.03266454781930346
0.40205362125858596,-0.03239883916024929
0.40754320262845106,-0.032132464474263434
0.41304891632248325,-0.03186043796565486
0.4185697326440038,-0.031582952209383466
0.4241046200336663,-0.03130039108635839
0.4296525252740324,-0.031012918047631812
0.4352123919487696,-0.030720829654470844
0.44078314889602727,-0.03042431512898747
0.44636371984171763,-0.030123625847439203
0.45195302115590913,-0.029819016824318104
0.45754996178097834,-0.029510730098304332
0.46315344523790664,-0.029199015581834294
0.4687623721477907,-0.028884162339044065
0.47437562732969535,-0.028566253014547065
0.4799921097719714,-0.02824568023450438
0.4856107025189252,-0.02792259877632894
0.49123029808064855,-0.027597356244586306
0.49684977149005594,-0.027270009841425573
0.5024680155683139,-0.026940920731959788
0.508083912050313,-0.026610241253362373
0.5136963493160022,-0.026278204398782
0.5193042176780635,-0.025945027922977985
0.5249064122812949,-0.0256109487813097
0.5305018325666006,-0.0252761983613022
0.5360893735845549,-0.024940844610553632
0.5416679554031482,-0.024605267353737276
0.5472364873158989,-0.02426954799603096
0.5527938918352846,-0.023933855447371193
0.5583391041582639,-0.02359842259691085
0.5638710705282697,-0.023263505785240675
0.5693887297777721,-0.022929066938333756
0.5748910562572647,-0.022595469598139573
0.5803770183021137,-0.022262780728897928
0.5858456028165308,-0.021931164104198465
0.5912958082542875,-0.02160075262976881
0.5967266534600363,-0.021271782515653953
0.6021371583832705,-0.020944263946375878
0.6075263728866478,-0.02061844564426721
0.6128933530620809,-0.020294413426550622
0.618237167356086,-0.019972180654546746
0.6235569196111367,-0.019652061099574267
0.6288517094729961,-0.019334002798655787
0.634120667595598,-0.019018163341574836
0.6393629407356031,-0.018704654379013985
0.6445776951526334,-0.01839359024308033
0.649764109471218,-0.018084960319189387
0.6549213921316096,-0.017778915092292857
0.660048771664831,-0.017475596648237036
0.6651454849035712,-0.01717493329053315
0.6702108055226802,-0.016877116002003936
0.6752440164431751,-0.01658212644743524
0.6802444255220498,-0.016289997666281072
0.6852113692489433,-0.016000874577107107
0.6901442005732642,-0.015714801988620658
0.6950422901738254,-0.015431742082868802
0.6999050366679075,-0.015151746915985483
0.7047318606674422,-0.014874855310110935
0.709522207972408,-0.014601146083412035
0.7142755397588502,-0.014330565221870404
0.7189913480754252,-0.014063196374246247
0.7236691424509032,-0.013799025732120522
0.7283084603843746,-0.013538126792046187
0.732908857382492,-0.013280485329180223
0.7374699097516457,-0.01302604815529518
0.7419912221816519,-0.012774860997932765
0.7464724180468639,-0.012526897161756674
0.7509131524250965,-0.012282294097257288
0.7553130838724781,-0.012040845615304998
0.759671908352374,-0.011802619253875957
0.7639893435752619,-0.011567677262344173
0.7682651224712493,-0.011335960055154604
0.7724990017152549,-0.011107446224095966
0.7766907599021242,-0.010882123719643326
0.7808401987441704,-0.010660018080450652
0.7849471347147449,-0.010441041134639664
0.7890114093455254,-0.010225188673414577
0.7930328884309721,-0.010012532886784095
0.7970114426670517,-0.009802862292776016
0.8009469840892252,-0.009596378245131446
0.8048394248940527,-0.009392920200138873
0.8086887010126619,-0.009192419522985704
0.812494776010996,-0.008994984034499222
0.8162576197090206,-0.008800493734506
0.8199772254814596,-0.00860894115354872
0.8236536066054342,-0.008420369936419874
0.8272867806188356,-0.00823457708990872
0.8308767998179896,-0.00805171642922569
0.8344237156942277,-0.00787161109951802
0.8379276085095604,-0.00769434238322578
0.8413885667695736,-0.007519853903773436
0.844806692795174,-0.00734806990670421
0.8481821066194929,-0.007178980487286112
0.851514939141173,-0.007012514640632055
0.8548053393961443,-0.006848694293524421
0.8580534644612497,-0.006687440457236941
0.8612594916524416,-0.006528827311720757
0.8644235988696202,-0.006372694597312128
0.8675459826867424,-0.006219021284388815
0.8706268541130713,-0.0060678493265771925
0.8736664316488278,-0.00591915143771959
0.8766649370757719,-0.005772752737622505
0.8796226192012614,-0.005628825237127156
0.8825397169919439,-0.005487141463624292
0.885416496132859,-0.005347832934516646
0.8882532139166266,-0.0052106762183807805
0.8910501550672234,-0.005075840492456094
0.8938075983266602,-0.004943205122316915
0.8965258345233842,-0.0048127415647306855
0.8992051590551391,-0.004684365414207728
0.9018458820842052,-0.004558156819057812
0.9044483116028851,-0.004434015299501956
0.9070127634049858,-0.004311874851920659
0.9095395677255106,-0.004191852035611461
0.9120290451330944,-0.004073746080992868
0.9144815314194327,-0.003957570158872217
0.9168973708686131,-0.0038434169739982142
0.9192768981070151,-0.0037310823777299963
0.921620465731305,-0.003620656329416471
0.9239284233836076,-0.003512086755325266
0.9262011219286155,-0.003405274325647578
0.9284389245163208,-0.0033003142684827746
0.930642188491086,-0.0031971176425557167
0.9328112746219696,-0.003095613780450273
0.9349465525590189,-0.0029958730195000995
0.9370483847424528,-0.0028977684822986518
0.9391171423350426,-0.0028013225539703732
0.9411531964619475,-0.0027065249159370893
0.9431569178950114,-0.0026133307348442303
0.9451286808177465,-0.002521747044379004
0.947068857328625,-0.0024317190997577708
0.9489778190651392,-0.002343170401640534
0.9508559438456033,-0.002256150339889298
0.9527036044827113,-0.0021705976649919437
0.9545211790743252,-0.002086566867475834
0.9563090400465778,-0.0020039956468995463
0.9580675575050278,-0.001922781217938273
0.9597971078741586,-0.0018429713175256751
0.9614980644926775,-0.0017645643868603874
0.9631707950152797,-0.001687456654266445
0.9648156722276965,-0.0016116801814549516
0.9664330683967346,-0.0015372837177260298
0.9680233482444531,-0.001464183190727447
0.9695868733385972,-0.001392259909014214
0.9711240149973198,-0.001321644234888899
0.9726351319106273,-0.0012522316394298434
0.9741205890037367,-0.0011840957457452655
0.9755807410693174,-0.001117134401115538
0.9770159441493322,-0.0010513199828489138
0.9784265529966409,-0.00098664639422695
0.9798129191499408,-0.0009230892182892561
0.981175393134207,-0.0008606557499729689
0.9825143228882385,-0.0007993525923430957
0.9838300519055162,-0.0007391468879218184
0.9851229200275935,-0.0006799852491649196
0.9863932665498022,-0.0006218632385262055
0.9876414273715798,-0.0005647645909377067
0.9888677354747457,-0.0005086730526293554
0.9900725209310153,-0.0004535738379043678
0.9912561104244968,-0.0003994443875608352
0.9924188285798252,-0.00034628452343603527
0.9935609964791395,-0.0002940850406762907
0.994682933221011,-0.00024286277770896216
0.9957849490571706,-0.00019251120198046713
0.9968673566664652,-0.000143048001532706
0.9979304674283218,-9.453421772385174e-05
0.9989745811476116,-4.684989608724579e-05
1.0,-0.0
